"SeriesCompensator:
ID","SeriesCompensator:
InternalId","SeriesCompensator:
Name","SeriesCompensator:
Parent","SeriesCompensator:
ObjectType","BaseVoltage:
Path","BaseVoltage:
InternalId","BaseVoltage:
Name","SeriesCompensator:
ConductingEquipmentUsesABaseVoltage:
BaseVoltage:
ID","BaseVoltage:
Parent","BaseVoltage:
ObjectType"
_74425d08-f998-4f94-9699-b95746e5a49c,795283,01TLCDOG-CS010-LCP,_f2835e04-f2dd-47a3-a175-47b75fca370e,SeriesCompensator,Network/.Base Voltages/Base 400,590818,Base 400,_f6fbc9e5-715d-41c2-8b86-f4732ea84ff2,_1d2b9c5d-5902-4cb1-8f3f-4b8d3ae2003b,BaseVoltage
_7a06d2b0-a7e3-4a48-aa74-0069b435480f,795286,01TLCDOG-CS210-PIT,_f2835e04-f2dd-47a3-a175-47b75fca370e,SeriesCompensator,Network/.Base Voltages/Base 400,590818,Base 400,_f6fbc9e5-715d-41c2-8b86-f4732ea84ff2,_1d2b9c5d-5902-4cb1-8f3f-4b8d3ae2003b,BaseVoltage
_a9ef8662-b954-4452-aa16-737f5fe097ad,795289,01TLCDOG-CS220-PIT,_f2835e04-f2dd-47a3-a175-47b75fca370e,SeriesCompensator,Network/.Base Voltages/Base 400,590818,Base 400,_f6fbc9e5-715d-41c2-8b86-f4732ea84ff2,_1d2b9c5d-5902-4cb1-8f3f-4b8d3ae2003b,BaseVoltage
_ec2bf580-000a-4c9c-965d-6a443b727027,1034606,02   JUI-CS010-02   MMT,_f1e8c698-c232-4b95-87b3-25fd9830593c,SeriesCompensator,Network/.Base Voltages/Base 400,590818,Base 400,_f6fbc9e5-715d-41c2-8b86-f4732ea84ff2,_1d2b9c5d-5902-4cb1-8f3f-4b8d3ae2003b,BaseVoltage
_e489b57f-86dc-42f8-9f19-234fcc1e1872,1034609,02   JUI-CS020-02   MPD,_f1e8c698-c232-4b95-87b3-25fd9830593c,SeriesCompensator,Network/.Base Voltages/Base 400,590818,Base 400,_f6fbc9e5-715d-41c2-8b86-f4732ea84ff2,_1d2b9c5d-5902-4cb1-8f3f-4b8d3ae2003b,BaseVoltage
_4827d8a6-1688-40ee-ad4b-1d112fa4da15,1034612,02   JUI-CS030-02   MMT,_f1e8c698-c232-4b95-87b3-25fd9830593c,SeriesCompensator,Network/.Base Voltages/Base 400,590818,Base 400,_f6fbc9e5-715d-41c2-8b86-f4732ea84ff2,_1d2b9c5d-5902-4cb1-8f3f-4b8d3ae2003b,BaseVoltage
_1ebaf930-c5c3-47a8-8582-db7657169d2e,1043148,02   PBD-CS460-02   TMD,_d7149e1a-0747-41a6-8f1a-c37345f78b89,SeriesCompensator,Network/.Base Voltages/Base 400,590818,Base 400,_f6fbc9e5-715d-41c2-8b86-f4732ea84ff2,_1d2b9c5d-5902-4cb1-8f3f-4b8d3ae2003b,BaseVoltage
_22425383-7c4d-4ce3-ba21-20afbfa589fb,1043151,02   PBD-CS920-02   OJP,_d7149e1a-0747-41a6-8f1a-c37345f78b89,SeriesCompensator,Network/.Base Voltages/Base 400,590818,Base 400,_f6fbc9e5-715d-41c2-8b86-f4732ea84ff2,_1d2b9c5d-5902-4cb1-8f3f-4b8d3ae2003b,BaseVoltage
_5f12acd1-d1f6-499e-b2eb-75b8b9d7a541,1050508,02   TCL-CS510-02   TMT,_8a84d373-d7b1-45b2-8b2c-83ddc8790ec6,SeriesCompensator,Network/.Base Voltages/Base 400,590818,Base 400,_f6fbc9e5-715d-41c2-8b86-f4732ea84ff2,_1d2b9c5d-5902-4cb1-8f3f-4b8d3ae2003b,BaseVoltage
_40ae29ac-86f3-40b0-9b1c-da4f1a96f2b4,1050514,02   TCL-CSU20-02   EDO,_8a84d373-d7b1-45b2-8b2c-83ddc8790ec6,SeriesCompensator,Network/.Base Voltages/Base 400,590818,Base 400,_f6fbc9e5-715d-41c2-8b86-f4732ea84ff2,_1d2b9c5d-5902-4cb1-8f3f-4b8d3ae2003b,BaseVoltage
_6a19cf1b-898a-4603-b1ad-032be9c332ef,1050517,02   TCL-CSU30-02   EDO,_8a84d373-d7b1-45b2-8b2c-83ddc8790ec6,SeriesCompensator,Network/.Base Voltages/Base 400,590818,Base 400,_f6fbc9e5-715d-41c2-8b86-f4732ea84ff2,_1d2b9c5d-5902-4cb1-8f3f-4b8d3ae2003b,BaseVoltage
_3b8657d4-25f6-4da5-bd62-cc58da5dc29d,1051528,02   TMD-CS260-02   CHM,_3605941e-5dca-44e9-ba41-16da4877eabb,SeriesCompensator,Network/.Base Voltages/Base 400,590818,Base 400,_f6fbc9e5-715d-41c2-8b86-f4732ea84ff2,_1d2b9c5d-5902-4cb1-8f3f-4b8d3ae2003b,BaseVoltage
_93648ac4-a87e-42f8-8822-ed4f8c02e8a8,1051531,02   TMD-CS360-02   MID,_3605941e-5dca-44e9-ba41-16da4877eabb,SeriesCompensator,Network/.Base Voltages/Base 400,590818,Base 400,_f6fbc9e5-715d-41c2-8b86-f4732ea84ff2,_1d2b9c5d-5902-4cb1-8f3f-4b8d3ae2003b,BaseVoltage
_c04bdf0f-d9e0-43a2-b45d-0c72db84fa11,1544301,07   NGA-CAP 01     HAS,_72ee2ccf-c803-4401-89da-9285b9cf871c,SeriesCompensator,Network/.Base Voltages/Base 525,616929,Base 525,_ad0f57fd-4eca-4afd-bf90-ceeaac8ba513,_1d2b9c5d-5902-4cb1-8f3f-4b8d3ae2003b,BaseVoltage
_99d58509-1c7f-4669-8dcb-8a6bc2c30170,1544304,07   NGA-CAP 01     HDW,_72ee2ccf-c803-4401-89da-9285b9cf871c,SeriesCompensator,Network/.Base Voltages/Base 525,616929,Base 525,_ad0f57fd-4eca-4afd-bf90-ceeaac8ba513,_1d2b9c5d-5902-4cb1-8f3f-4b8d3ae2003b,BaseVoltage
_5d9009f1-a5e4-44d0-b52b-7a5e7df13e66,1885096,07   AZC-CAP 01     AZC,_7e91be25-9136-4658-9cd5-a6c65a8d39e8,SeriesCompensator,Network/.Base Voltages/Base 525,616929,Base 525,_ad0f57fd-4eca-4afd-bf90-ceeaac8ba513,_1d2b9c5d-5902-4cb1-8f3f-4b8d3ae2003b,BaseVoltage
_9db02724-9f74-473b-8af0-8e28b9bf5354,1885645,07   CA2-CAP1       CA2,_70d5fa59-2bcc-4e8d-83ae-45d664d11863,SeriesCompensator,Network/.Base Voltages/Base 525,616929,Base 525,_ad0f57fd-4eca-4afd-bf90-ceeaac8ba513,_1d2b9c5d-5902-4cb1-8f3f-4b8d3ae2003b,BaseVoltage
_2375c4cd-a512-469d-9395-64d517f43e9f,1885648,07   CA2-CAP2       CA2,_70d5fa59-2bcc-4e8d-83ae-45d664d11863,SeriesCompensator,Network/.Base Voltages/Base 525,616929,Base 525,_ad0f57fd-4eca-4afd-bf90-ceeaac8ba513,_1d2b9c5d-5902-4cb1-8f3f-4b8d3ae2003b,BaseVoltage
_de7d5328-cc36-4d9b-9be5-560dc864603f,1885683,07   CAC-CAP1       CAC,_a3996af8-541f-41a2-a771-ff5b55ebe538,SeriesCompensator,Network/.Base Voltages/Base 525,616929,Base 525,_ad0f57fd-4eca-4afd-bf90-ceeaac8ba513,_1d2b9c5d-5902-4cb1-8f3f-4b8d3ae2003b,BaseVoltage
_c8cc9550-4365-4c8a-be4c-a17599de3620,1885686,07   CAC-CAP2       CAC,_a3996af8-541f-41a2-a771-ff5b55ebe538,SeriesCompensator,Network/.Base Voltages/Base 525,616929,Base 525,_ad0f57fd-4eca-4afd-bf90-ceeaac8ba513,_1d2b9c5d-5902-4cb1-8f3f-4b8d3ae2003b,BaseVoltage
_4ad72326-4a93-4c70-9196-d7c69a234030,1892477,07   SCT-CAP 01     SCT,_f7b2d594-2f61-44d7-89e0-b77231a90707,SeriesCompensator,Network/.Base Voltages/Base 525,616929,Base 525,_ad0f57fd-4eca-4afd-bf90-ceeaac8ba513,_1d2b9c5d-5902-4cb1-8f3f-4b8d3ae2003b,BaseVoltage
_221da3fb-74e7-4cbb-b0c7-493b7247a048,1916280,07   ECO-CAP 01     ECO,_25a22968-10f9-4514-8e0d-4f90af40b8be,SeriesCompensator,Network/.Base Voltages/Base 525,616929,Base 525,_ad0f57fd-4eca-4afd-bf90-ceeaac8ba513,_1d2b9c5d-5902-4cb1-8f3f-4b8d3ae2003b,BaseVoltage
_4d1e49a3-2a21-400e-9134-defb4a301928,1916509,07   IVY - 02 CAP    IVY,_51965682-ed24-4d80-9f53-cfa9de104d2f,SeriesCompensator,Network/.Base Voltages/Base 525,616929,Base 525,_ad0f57fd-4eca-4afd-bf90-ceeaac8ba513,_1d2b9c5d-5902-4cb1-8f3f-4b8d3ae2003b,BaseVoltage
_F3D02DE4-B655-4C5A-A510-A9219DE31EAE,37997402,07   OMS-RCT 01     OMS,_9a4a1abe-278f-43d7-9a67-6baa559f3713,SeriesCompensator,Network/.Base Voltages/Base 230,590817,Base 230,_b7d0447b-bb22-4ad7-9b5a-cbe738b4daab,_1d2b9c5d-5902-4cb1-8f3f-4b8d3ae2003b,BaseVoltage
_76136F02-2BC0-4510-BC16-3FF88FCEC66A,38158173,06   MTP-RLC1-06   MTP,_f5eb7727-b2de-4355-aa5c-fa268b3aaba6,SeriesCompensator,Network/.Base Voltages/Base 115,590819,Base 115,_b0850aca-f44c-4411-8bfa-6f00a8a3cbb7,_1d2b9c5d-5902-4cb1-8f3f-4b8d3ae2003b,BaseVoltage
_bd626ec7-8b70-4d35-8ba6-d8e3a313192e,38370204,06OPCAPO-73810-06OPCAPO,_b3cd6081-da53-4fe8-9687-5fe270c323d4,SeriesCompensator,Network/.Base Voltages/Base 115,590819,Base 115,_b0850aca-f44c-4411-8bfa-6f00a8a3cbb7,_1d2b9c5d-5902-4cb1-8f3f-4b8d3ae2003b,BaseVoltage
_6e41feee-97a5-489b-958f-262125f0ec30,38372162,06   CCL-73480-06   CCL,_b8eed17c-1991-44df-a66e-dd92f28d7343,SeriesCompensator,Network/.Base Voltages/Base 115,590819,Base 115,_b0850aca-f44c-4411-8bfa-6f00a8a3cbb7,_1d2b9c5d-5902-4cb1-8f3f-4b8d3ae2003b,BaseVoltage
_94ccabff-e1f0-4c59-8177-1563fe0ca547,38372165,06   CCL-73490-06   CCL,_b8eed17c-1991-44df-a66e-dd92f28d7343,SeriesCompensator,Network/.Base Voltages/Base 115,590819,Base 115,_b0850aca-f44c-4411-8bfa-6f00a8a3cbb7,_1d2b9c5d-5902-4cb1-8f3f-4b8d3ae2003b,BaseVoltage
_81c03c46-ce8b-488b-b452-68f73a9aa9e3,38373599,06   VCG-53120-06   VCG,_0b749ab1-1f7f-4d70-a767-cb71d046b1a9,SeriesCompensator,Network/.Base Voltages/Base 34.5,590833,Base 34.5,_7dde2c76-fed1-4a2d-a4af-f360553c43f3,_1d2b9c5d-5902-4cb1-8f3f-4b8d3ae2003b,BaseVoltage
_87035f38-099c-4640-96fb-65a46d065b07,38373603,06HUAABR-73220-06HUAABR,_4a1d8a46-5f13-42ad-ae6b-615a92396c9f,SeriesCompensator,Network/.Base Voltages/Base 115,590819,Base 115,_b0850aca-f44c-4411-8bfa-6f00a8a3cbb7,_1d2b9c5d-5902-4cb1-8f3f-4b8d3ae2003b,BaseVoltage
_02a4eea3-7f7c-4ec8-b976-baf6ea218e4f,38373611,06HUAAZT-73C00-06HUAAZT,_189a3e9e-464b-4016-be6c-8ac61c7c2cc6,SeriesCompensator,Network/.Base Voltages/Base 115,590819,Base 115,_b0850aca-f44c-4411-8bfa-6f00a8a3cbb7,_1d2b9c5d-5902-4cb1-8f3f-4b8d3ae2003b,BaseVoltage
_36218db3-78ac-44dd-aa96-1aca7df576cc,38373617,06MTYNGM-73G40-06MTYNGM,_e4cbb62e-b09e-45f0-b348-adeb569f79f4,SeriesCompensator,Network/.Base Voltages/Base 115,590819,Base 115,_b0850aca-f44c-4411-8bfa-6f00a8a3cbb7,_1d2b9c5d-5902-4cb1-8f3f-4b8d3ae2003b,BaseVoltage
_3e1dea5e-f117-407c-ab24-24feece86ffb,38373621,06MTYTII-73L20-06MTYTII,_796b6391-be87-4489-be0b-e951f51ff630,SeriesCompensator,Network/.Base Voltages/Base 115,590819,Base 115,_b0850aca-f44c-4411-8bfa-6f00a8a3cbb7,_1d2b9c5d-5902-4cb1-8f3f-4b8d3ae2003b,BaseVoltage
_4138ad17-360e-4aa9-971c-f1543cbec5cd,38373627,06   EMC-73NE0-06   EMC,_c0e8755c-7e21-4eac-b3a0-c657649b6856,SeriesCompensator,Network/.Base Voltages/Base 115,590819,Base 115,_b0850aca-f44c-4411-8bfa-6f00a8a3cbb7,_1d2b9c5d-5902-4cb1-8f3f-4b8d3ae2003b,BaseVoltage
_1eac963e-bef7-4421-b001-544acabfead3,38373631,06OPCMIT-73D70-06OPCMIT,_f159c86a-aa4e-4adf-8a30-75db5a90ad50,SeriesCompensator,Network/.Base Voltages/Base 115,590819,Base 115,_b0850aca-f44c-4411-8bfa-6f00a8a3cbb7,_1d2b9c5d-5902-4cb1-8f3f-4b8d3ae2003b,BaseVoltage
_2a827303-d73f-483d-b066-16419f1fbf73,38373635,06   EMP-53010-06   EMP,_d0b231bc-3c5e-4648-a753-98e3895fc2cf,SeriesCompensator,Network/.Base Voltages/Base 34.5,590833,Base 34.5,_7dde2c76-fed1-4a2d-a4af-f360553c43f3,_1d2b9c5d-5902-4cb1-8f3f-4b8d3ae2003b,BaseVoltage
_84f3fbae-33b6-41b2-91a1-2adf1663dfba,38373639,06   EMP-53020-06   EMP,_d0b231bc-3c5e-4648-a753-98e3895fc2cf,SeriesCompensator,Network/.Base Voltages/Base 34.5,590833,Base 34.5,_7dde2c76-fed1-4a2d-a4af-f360553c43f3,_1d2b9c5d-5902-4cb1-8f3f-4b8d3ae2003b,BaseVoltage
_86bac43c-5c1c-43af-9b01-88f8c6504113,38373643,06   EMP-53030-06   EMP,_d0b231bc-3c5e-4648-a753-98e3895fc2cf,SeriesCompensator,Network/.Base Voltages/Base 34.5,590833,Base 34.5,_7dde2c76-fed1-4a2d-a4af-f360553c43f3,_1d2b9c5d-5902-4cb1-8f3f-4b8d3ae2003b,BaseVoltage
_51c01a34-44fc-4c32-a900-233d648393e1,38373647,06   EMP-53040-06   EMP,_d0b231bc-3c5e-4648-a753-98e3895fc2cf,SeriesCompensator,Network/.Base Voltages/Base 34.5,590833,Base 34.5,_7dde2c76-fed1-4a2d-a4af-f360553c43f3,_1d2b9c5d-5902-4cb1-8f3f-4b8d3ae2003b,BaseVoltage
_0eae5a41-f645-40fb-b38d-071cd78e2777,38373651,06   EMP-53050-06   EMP,_d0b231bc-3c5e-4648-a753-98e3895fc2cf,SeriesCompensator,Network/.Base Voltages/Base 34.5,590833,Base 34.5,_7dde2c76-fed1-4a2d-a4af-f360553c43f3,_1d2b9c5d-5902-4cb1-8f3f-4b8d3ae2003b,BaseVoltage
_23526ad4-9519-4836-94c8-9ec7edbdbd39,38373655,06   EMP-53060-06   EMP,_d0b231bc-3c5e-4648-a753-98e3895fc2cf,SeriesCompensator,Network/.Base Voltages/Base 34.5,590833,Base 34.5,_7dde2c76-fed1-4a2d-a4af-f360553c43f3,_1d2b9c5d-5902-4cb1-8f3f-4b8d3ae2003b,BaseVoltage
_90f97d28-10fc-4fb0-97df-32ec080601a2,38373659,06   EMP-53070-06   EMP,_d0b231bc-3c5e-4648-a753-98e3895fc2cf,SeriesCompensator,Network/.Base Voltages/Base 34.5,590833,Base 34.5,_7dde2c76-fed1-4a2d-a4af-f360553c43f3,_1d2b9c5d-5902-4cb1-8f3f-4b8d3ae2003b,BaseVoltage
_96ddd032-d8ca-42cc-a0f5-fc9810e2892d,38373663,06   EMP-53080-06   EMP,_d0b231bc-3c5e-4648-a753-98e3895fc2cf,SeriesCompensator,Network/.Base Voltages/Base 34.5,590833,Base 34.5,_7dde2c76-fed1-4a2d-a4af-f360553c43f3,_1d2b9c5d-5902-4cb1-8f3f-4b8d3ae2003b,BaseVoltage
_4be91974-4581-493c-911c-5af225671152,38373667,06   EMP-53090-06   EMP,_d0b231bc-3c5e-4648-a753-98e3895fc2cf,SeriesCompensator,Network/.Base Voltages/Base 34.5,590833,Base 34.5,_7dde2c76-fed1-4a2d-a4af-f360553c43f3,_1d2b9c5d-5902-4cb1-8f3f-4b8d3ae2003b,BaseVoltage
_e2194b73-8a22-4e7a-870e-8dc21596de54,38373671,06   EMP-53100-06   EMP,_d0b231bc-3c5e-4648-a753-98e3895fc2cf,SeriesCompensator,Network/.Base Voltages/Base 34.5,590833,Base 34.5,_7dde2c76-fed1-4a2d-a4af-f360553c43f3,_1d2b9c5d-5902-4cb1-8f3f-4b8d3ae2003b,BaseVoltage
_3ca09dfe-33ec-4a34-bcff-2d9f65388748,38373675,06   EMP-53110-06   EMP,_d0b231bc-3c5e-4648-a753-98e3895fc2cf,SeriesCompensator,Network/.Base Voltages/Base 34.5,590833,Base 34.5,_7dde2c76-fed1-4a2d-a4af-f360553c43f3,_1d2b9c5d-5902-4cb1-8f3f-4b8d3ae2003b,BaseVoltage
_605ab72d-d2f3-4154-9b9f-61a2f0a415e9,38373679,06   EMP-A3NE0-06   EMP,_3ff58770-389b-42e7-a643-c75d5d6af72c,SeriesCompensator,Network/.Base Voltages/Base 400,590818,Base 400,_f6fbc9e5-715d-41c2-8b86-f4732ea84ff2,_1d2b9c5d-5902-4cb1-8f3f-4b8d3ae2003b,BaseVoltage
_9ea3c345-1b5d-4692-9c6f-fb3a5690c6c4,38373685,06OPCRDP-73A80-06OPCRDP,_93eb9a4a-0152-45e9-9c78-67063cb624e6,SeriesCompensator,Network/.Base Voltages/Base 115,590819,Base 115,_b0850aca-f44c-4411-8bfa-6f00a8a3cbb7,_1d2b9c5d-5902-4cb1-8f3f-4b8d3ae2003b,BaseVoltage
_b91b0d75-779d-42fe-8273-60f1f49b9079,38373689,06   EMS-73I80-06   EMS,_a29b8b30-8a2e-459d-af63-1847b70fa22d,SeriesCompensator,Network/.Base Voltages/Base 115,590819,Base 115,_b0850aca-f44c-4411-8bfa-6f00a8a3cbb7,_1d2b9c5d-5902-4cb1-8f3f-4b8d3ae2003b,BaseVoltage
_63a4f8af-0032-4c4b-979b-fcc318be40c0,38373697,06   EMT-73000-06   EMT,_ceb7e9ce-e592-4d77-8412-3687492ae6d7,SeriesCompensator,Network/.Base Voltages/Base 115,590819,Base 115,_b0850aca-f44c-4411-8bfa-6f00a8a3cbb7,_1d2b9c5d-5902-4cb1-8f3f-4b8d3ae2003b,BaseVoltage
_b508d328-986f-4162-99cb-48e3c5abb1bc,38373701,06   ERY-A6010-06   ERY,_adf43258-9d50-43a1-b865-7331d533201c,SeriesCompensator,Network/.Base Voltages/Base 400,590818,Base 400,_f6fbc9e5-715d-41c2-8b86-f4732ea84ff2,_1d2b9c5d-5902-4cb1-8f3f-4b8d3ae2003b,BaseVoltage
_e8c6f28a-5e8e-4c69-9fcf-0e259a352c8b,38373707,06   HUI-79010-06   HUI,_cb05b5c4-4437-46bd-82aa-755257fad4b8,SeriesCompensator,Network/.Base Voltages/Base 115,590819,Base 115,_b0850aca-f44c-4411-8bfa-6f00a8a3cbb7,_1d2b9c5d-5902-4cb1-8f3f-4b8d3ae2003b,BaseVoltage
_709000e4-7d77-41e3-9686-cdfb30bc84c4,38373745,06   NUR-93020-06   NUR,_b445c639-b699-4478-87fe-2c7a3146aaf6,SeriesCompensator,Network/.Base Voltages/Base 230,590817,Base 230,_b7d0447b-bb22-4ad7-9b5a-cbe738b4daab,_1d2b9c5d-5902-4cb1-8f3f-4b8d3ae2003b,BaseVoltage
_216ed07c-85ca-4021-a38a-64045529eff3,38373749,06   TSS-73I90-06   TSS,_9131a6a5-f2f4-48fa-9ef1-c5eefed43d43,SeriesCompensator,Network/.Base Voltages/Base 115,590819,Base 115,_b0850aca-f44c-4411-8bfa-6f00a8a3cbb7,_1d2b9c5d-5902-4cb1-8f3f-4b8d3ae2003b,BaseVoltage
_7c8bcdd3-79a4-4c02-8ea7-2867fa4f165d,38378470,02   EES-73E00-02   EES,_3d31425e-c7d5-460c-8f37-582a70664340,SeriesCompensator,Network/.Base Voltages/Base 115,590819,Base 115,_b0850aca-f44c-4411-8bfa-6f00a8a3cbb7,_1d2b9c5d-5902-4cb1-8f3f-4b8d3ae2003b,BaseVoltage
_566345d9-6aad-4da3-b773-1b189817558d,38378502,02CZIEAS-73360-02CZIEAS,_c0568265-48ca-4205-b4a9-b8d5399c6b1c,SeriesCompensator,Network/.Base Voltages/Base 115,590819,Base 115,_b0850aca-f44c-4411-8bfa-6f00a8a3cbb7,_1d2b9c5d-5902-4cb1-8f3f-4b8d3ae2003b,BaseVoltage
_3dc29618-efc7-4bbe-bb4b-be5711635f25,38378506,02CZINND-73330-02CZINND,_1cc8d240-5254-4c32-af87-ef135291903a,SeriesCompensator,Network/.Base Voltages/Base 115,590819,Base 115,_b0850aca-f44c-4411-8bfa-6f00a8a3cbb7,_1d2b9c5d-5902-4cb1-8f3f-4b8d3ae2003b,BaseVoltage
_aedbe933-efcf-4071-abc2-09b6c2d2e7fb,38378514,02GMOAHZ-73750-02GMOAHZ,_9e901f98-00f0-4ae5-b083-42331a3103d8,SeriesCompensator,Network/.Base Voltages/Base 115,590819,Base 115,_b0850aca-f44c-4411-8bfa-6f00a8a3cbb7,_1d2b9c5d-5902-4cb1-8f3f-4b8d3ae2003b,BaseVoltage
_057bfc51-e328-4fc8-8ab8-89919c3ed9ba,38378518,02GMOPZR-73410-02GMOPZR,_50ae97f1-8a61-43d7-a7b4-9b52f6d15b49,SeriesCompensator,Network/.Base Voltages/Base 115,590819,Base 115,_b0850aca-f44c-4411-8bfa-6f00a8a3cbb7,_1d2b9c5d-5902-4cb1-8f3f-4b8d3ae2003b,BaseVoltage
_6a663578-8693-495f-a580-428e8a9cee46,38378522,02GMOSLS-73D00-02GMOSLS,_8a21c5b3-f12d-4ba5-a8e6-cd03c792b469,SeriesCompensator,Network/.Base Voltages/Base 115,590819,Base 115,_b0850aca-f44c-4411-8bfa-6f00a8a3cbb7,_1d2b9c5d-5902-4cb1-8f3f-4b8d3ae2003b,BaseVoltage
_f39bf03a-8372-4d39-adc3-5774f2dcc835,38378526,02VERAOC-73820-02VERAOC,_b4d70ca7-1984-40bd-87d0-df96431ec8f9,SeriesCompensator,Network/.Base Voltages/Base 115,590819,Base 115,_b0850aca-f44c-4411-8bfa-6f00a8a3cbb7,_1d2b9c5d-5902-4cb1-8f3f-4b8d3ae2003b,BaseVoltage
_47c7f0bc-e2cb-49b5-aadc-a560b65bf80c,38378540,02VERCMA-73650-02VERCMA,_9308583b-d276-4673-af1e-bcffb69208bf,SeriesCompensator,Network/.Base Voltages/Base 115,590819,Base 115,_b0850aca-f44c-4411-8bfa-6f00a8a3cbb7,_1d2b9c5d-5902-4cb1-8f3f-4b8d3ae2003b,BaseVoltage
_ca6c1db8-f1d5-4d56-bca6-e1299ca9245a,38378544,02VERMDG-73100-02VERMDG,_307590ea-46b1-4947-9d80-77736aade411,SeriesCompensator,Network/.Base Voltages/Base 115,590819,Base 115,_b0850aca-f44c-4411-8bfa-6f00a8a3cbb7,_1d2b9c5d-5902-4cb1-8f3f-4b8d3ae2003b,BaseVoltage
_617b85ed-9681-4884-a65b-4a425dfe4c48,38378548,02VERTXD-73540-02VERTXD,_13eb50fb-bd9b-46b0-937b-61f15060fded,SeriesCompensator,Network/.Base Voltages/Base 115,590819,Base 115,_b0850aca-f44c-4411-8bfa-6f00a8a3cbb7,_1d2b9c5d-5902-4cb1-8f3f-4b8d3ae2003b,BaseVoltage
_4e79ad06-0863-4b03-a1d0-e013979c10f5,38378671,05DGOBIG-43165-05DGOBIG,_bb5e0512-3ab7-4de3-8d63-8429f39293f6,SeriesCompensator,Network/.Base Voltages/Base 13.8,590822,Base 13.8,_ae3db9ec-aaab-4325-bc0d-14541094be82,_1d2b9c5d-5902-4cb1-8f3f-4b8d3ae2003b,BaseVoltage
_a84a9b05-2868-4545-9a72-654082992ad6,38378685,05DGOTUA-53040-05DGOTUA,_09240f4d-aa4b-468d-9b3a-d02fa4145b76,SeriesCompensator,Network/.Base Voltages/Base 34.5,590833,Base 34.5,_7dde2c76-fed1-4a2d-a4af-f360553c43f3,_1d2b9c5d-5902-4cb1-8f3f-4b8d3ae2003b,BaseVoltage
_c8722cb6-aa66-4373-b745-91402df88da5,38378689,05DGOTUB-53020-05DGOTUB,_41743307-3db2-4f40-841f-982cf8cd8a2d,SeriesCompensator,Network/.Base Voltages/Base 34.5,590833,Base 34.5,_7dde2c76-fed1-4a2d-a4af-f360553c43f3,_1d2b9c5d-5902-4cb1-8f3f-4b8d3ae2003b,BaseVoltage
_4afa5c38-96f4-422a-80a3-e043ea42cb59,38378703,05CUAPOE-13-8-1-05CUAPOE,_b132819e-3f68-4d9b-9965-b58f366ac5c4,SeriesCompensator,Network/.Base Voltages/Base 13.8,590822,Base 13.8,_ae3db9ec-aaab-4325-bc0d-14541094be82,_1d2b9c5d-5902-4cb1-8f3f-4b8d3ae2003b,BaseVoltage
_9bf96f75-aeb3-4f9e-8cb9-3dbd439087ae,38378706,05CUAPOE-41055-05CUAPOE,_b132819e-3f68-4d9b-9965-b58f366ac5c4,SeriesCompensator,Network/.Base Voltages/Base 13.8,590822,Base 13.8,_ae3db9ec-aaab-4325-bc0d-14541094be82,_1d2b9c5d-5902-4cb1-8f3f-4b8d3ae2003b,BaseVoltage
_7e92f54c-8740-46f1-bc72-e080a883b107,38378709,05CUAPOE-41065-05CUAPOE,_b132819e-3f68-4d9b-9965-b58f366ac5c4,SeriesCompensator,Network/.Base Voltages/Base 13.8,590822,Base 13.8,_ae3db9ec-aaab-4325-bc0d-14541094be82,_1d2b9c5d-5902-4cb1-8f3f-4b8d3ae2003b,BaseVoltage
_26a101e3-2121-4096-846e-def4527798ae,38378712,05CUAPOE-41075-05CUAPOE,_b132819e-3f68-4d9b-9965-b58f366ac5c4,SeriesCompensator,Network/.Base Voltages/Base 13.8,590822,Base 13.8,_ae3db9ec-aaab-4325-bc0d-14541094be82,_1d2b9c5d-5902-4cb1-8f3f-4b8d3ae2003b,BaseVoltage
_cb74981e-8cd0-4e5c-8cb0-4c3fa0b0f55d,38378780,05   VSU-52010-05   VSU,_b3b2a22e-966e-46de-9767-cbf383b51d6f,SeriesCompensator,Network/.Base Voltages/Base 34.5,590833,Base 34.5,_7dde2c76-fed1-4a2d-a4af-f360553c43f3,_1d2b9c5d-5902-4cb1-8f3f-4b8d3ae2003b,BaseVoltage
_1e29f004-3dfb-4672-b290-f48aa6f6073c,38378783,05   VSU-52020-05   VSU,_b3b2a22e-966e-46de-9767-cbf383b51d6f,SeriesCompensator,Network/.Base Voltages/Base 34.5,590833,Base 34.5,_7dde2c76-fed1-4a2d-a4af-f360553c43f3,_1d2b9c5d-5902-4cb1-8f3f-4b8d3ae2003b,BaseVoltage
_f3662042-248d-47f9-a95e-247233dc5c33,38378786,05   VSU-52030-05   VSU,_b3b2a22e-966e-46de-9767-cbf383b51d6f,SeriesCompensator,Network/.Base Voltages/Base 34.5,590833,Base 34.5,_7dde2c76-fed1-4a2d-a4af-f360553c43f3,_1d2b9c5d-5902-4cb1-8f3f-4b8d3ae2003b,BaseVoltage
_64eca360-6f3c-4151-9bbb-9325e7bbc069,38378789,05   VSU-52040-05   VSU,_b3b2a22e-966e-46de-9767-cbf383b51d6f,SeriesCompensator,Network/.Base Voltages/Base 34.5,590833,Base 34.5,_7dde2c76-fed1-4a2d-a4af-f360553c43f3,_1d2b9c5d-5902-4cb1-8f3f-4b8d3ae2003b,BaseVoltage
_56047840-fd6f-4132-b138-66af186cf1b5,38378800,05   VST-52150-05   VST,_05e51d56-7390-4e20-a75a-73f634f27181,SeriesCompensator,Network/.Base Voltages/Base 34.5,590833,Base 34.5,_7dde2c76-fed1-4a2d-a4af-f360553c43f3,_1d2b9c5d-5902-4cb1-8f3f-4b8d3ae2003b,BaseVoltage
_53de4b88-7627-46da-bf0f-82c53925f122,38378803,05   VST-52160-05   VST,_05e51d56-7390-4e20-a75a-73f634f27181,SeriesCompensator,Network/.Base Voltages/Base 34.5,590833,Base 34.5,_7dde2c76-fed1-4a2d-a4af-f360553c43f3,_1d2b9c5d-5902-4cb1-8f3f-4b8d3ae2003b,BaseVoltage
_A00E0523-8C9B-4EE9-B88C-9E33F9703F90,51895660,02   IPO-SLOPE-02   IPO,_2382895d-b809-458b-8827-533eeb490cd5,SeriesCompensator,Network/.Base Voltages/Base 115,590819,Base 115,_b0850aca-f44c-4411-8bfa-6f00a8a3cbb7,_1d2b9c5d-5902-4cb1-8f3f-4b8d3ae2003b,BaseVoltage
_5825E274-44AB-4986-8EF1-9FA3A3259AA6,51900347,08ESA-SLP2-08ESA,_d36b4477-6cc6-4980-b289-dfef2376b642,SeriesCompensator,Network/.Base Voltages/Base 400,590818,Base 400,_f6fbc9e5-715d-41c2-8b86-f4732ea84ff2,_1d2b9c5d-5902-4cb1-8f3f-4b8d3ae2003b,BaseVoltage
_0E784CE0-4F9E-456F-8602-06BC85FED8A1,51949534,03KDA-SLP-03KDA,_77f36555-a32a-4090-af76-56b21df50adc,SeriesCompensator,Network/.Base Voltages/Base 400,590818,Base 400,_f6fbc9e5-715d-41c2-8b86-f4732ea84ff2,_1d2b9c5d-5902-4cb1-8f3f-4b8d3ae2003b,BaseVoltage
_730473B3-EE82-457F-A60C-9EDA85A34CE4,51968012,08ESA-SLP1-08ESA,_346a2c2f-debe-4d20-bc0c-43b55b71ae2c,SeriesCompensator,Network/.Base Voltages/Base 230,590817,Base 230,_b7d0447b-bb22-4ad7-9b5a-cbe738b4daab,_1d2b9c5d-5902-4cb1-8f3f-4b8d3ae2003b,BaseVoltage
