"StaticVarCompensator:
ID","StaticVarCompensator:
InternalId","StaticVarCompensator:
Name","StaticVarCompensator:
Parent","StaticVarCompensator:
ObjectType","StaticVarCompensator:
RegulatingCondEqRegulatesTerminal:
Terminal:
ID","Terminal:
InternalId","Terminal:
Name","Terminal:
Parent","Terminal:
ObjectType"
_49d0138d-6df1-4292-8373-af83cb49a886,779107,UN-CEV,_e8217baa-f877-4df1-abeb-89a3fe5602b4,StaticVarCompensator,_ba931038-88cb-48ed-a0ee-b92c9fec5fb9,778712,T1,_98396366-46b8-4978-a55d-914e3e24cb95,Terminal
_5c51ddcd-d56e-454a-8f32-e194c68a0cb6,812814,UN-CEV,_417697c4-8e6d-4c7e-a5a3-35546c1d5884,StaticVarCompensator,_9b57a7b7-f9af-4487-b23d-7ed5801390c3,812688,T1,_9b70928b-7a3f-4905-9077-f0a69c307626,Terminal
_c9a30173-e1de-4ee7-9409-c8184f1ae771,828405,UN-CEV,_60ce52fe-5262-4d72-9d38-182cd39bd4b8,StaticVarCompensator,_4d620247-ddc2-4cb7-9012-c20cfc3c907b,828186,T1,_c7c0fd76-7c66-4f84-a7c0-1fd4ce0d321f,Terminal
_0e88df76-ebf8-4c37-91c0-2b23ade04378,864270,UN-CEV,_3920269f-aa2a-4484-8c8f-04f3c16047f3,StaticVarCompensator,_f39ba61c-237f-48e2-8ccf-b85a841ed615,864022,T1,_4f07a09e-69fc-44e7-9cae-51d8f74314f9,Terminal
_d3b0229a-c4d9-4196-94ec-4e0158d52ae2,867829,UN-CEV,_c4751684-9f83-4705-8888-aa70725b2ef7,StaticVarCompensator,_20aa4ad7-33ec-4c62-b4ce-a4b5b3f493a6,867658,T1,_17cfb1ec-1b88-4fbd-b2ab-d0c951db0348,Terminal
_8c2800eb-1ab6-47fb-8bd7-5478a63fb071,896747,UN-CE2,_e2ab9c84-b118-4b6f-8ebd-eb4302989355,StaticVarCompensator,_9529233d-9636-4699-ba2c-0f218aee5c31,42156649,T1,_ff2c3c5e-65a3-46b0-8144-1b70ee436375,Terminal
_e1b8e99f-dd53-4399-aae9-9763621b36bd,896754,UN-CE1,_1e71208b-863e-4a74-ad9d-ff1dce0f415c,StaticVarCompensator,_68f8a679-bd0e-4f56-9b66-61f8fd59f901,896185,T1,_3b02a83f-b426-42de-973d-513905c23005,Terminal
_4487c0ab-2131-4360-a86f-1dbcb408a8ab,918296,UN-CEV,_41fc80d1-d206-40b7-81aa-4b408ce0e258,StaticVarCompensator,_05701500-dca0-4389-9952-67ed56ca741e,917891,T1,_693c4c6c-1996-4812-b132-116eb0a033b7,Terminal
_22c2bdcc-b360-4c0e-b99c-5d06a49398e6,933549,UN-CE1,_6ff83431-1ebb-4211-8812-cf3ecf3cd600,StaticVarCompensator,_a7beaeee-f28d-4fb8-a1c7-c248654b27d7,933338,T1,_ba1b8303-f6f0-40c1-ac77-f078fc7fa22a,Terminal
_eb60112f-79bb-4417-a1c9-51611a1f2f9b,933551,UN-CE2,_6ff83431-1ebb-4211-8812-cf3ecf3cd600,StaticVarCompensator,_adfceba0-948d-44f0-825e-212bd50ecca0,933340,T1,_b9df6e54-9daf-4b5f-9fee-a60b21176805,Terminal
_9e7f5ffb-0fe3-41a8-8655-c78e560eef4e,937955,UN-CEV,_9fcc69d7-8101-413d-b6b2-e2629a14e609,StaticVarCompensator,_b42fae14-fd09-4718-9092-998cf164d2b1,937793,T1,_6bf47048-4356-4df9-92e5-2a5c74c372d1,Terminal
_ec24e137-88b8-4fdc-8067-444b50c98be8,939546,UN-CE2,_9210d317-5666-4968-862e-b51add5cd709,StaticVarCompensator,_8b01d9db-6d03-4231-bb8f-d85187c0a3d2,939161,T1,_de5e7e4a-87dc-4dfb-afc2-dd26f6a95d0e,Terminal
_b96f7718-772b-4f96-b57e-30befd0da325,939548,UN-CE3,_9210d317-5666-4968-862e-b51add5cd709,StaticVarCompensator,_544c6e8c-566a-4170-9ba6-114adc2c6bd3,939163,T1,_c8532cc0-23b1-413d-9e26-6c62dbdd83e1,Terminal
_8c3bc4ac-ecb1-4c08-8fa8-c0249567d364,939550,UN-CE6,_9210d317-5666-4968-862e-b51add5cd709,StaticVarCompensator,_951a3bdb-9612-4a65-aacc-0811105b9b6f,939169,T1,_06ffbcb9-1ea1-4ced-af09-00b5162a8cdc,Terminal
_4f210b35-5ca1-4108-80b5-7cef23737159,939552,UN-CE8,_9210d317-5666-4968-862e-b51add5cd709,StaticVarCompensator,_6306c286-105f-48a2-be4b-96db10674a23,939173,T1,_b83a050b-e6a4-49ba-964d-a8fae233e526,Terminal
_a774ea8d-1cba-4aab-a197-cb93bd5d9b33,952003,UN-CEV,_f59f5a2a-6aeb-4bdb-86af-c9ee1fafedcc,StaticVarCompensator,_83285241-381f-4333-b092-30de7fa9f2c4,951616,T1,_416cb070-de1a-4cf1-a711-e43c553eae12,Terminal
_cdaa3dd2-2908-48a6-8012-2e185f411493,955966,UN-CEV,_591750e8-b808-45fe-b37a-bc01e31aeed3,StaticVarCompensator,_62fd9c9a-86f6-49d6-8b28-65e5e047de64,955775,T1,_02b6d27e-811f-423a-b510-d44bb276cc7d,Terminal
_b712614d-2d3d-4db6-9fb6-dd1ffdb1545c,1033430,UN-CEV,_0e78c52c-b0e5-465d-9437-cad9e026efb9,StaticVarCompensator,_0030c63f-3773-41a4-9243-7ddd14339012,1033275,T1,_7f20654e-83d1-4179-b10d-db55dd28bc98,Terminal
_b045256b-bcf4-4ac0-9fad-d84be9105aad,1044944,UN-CE1,_09c6c98e-1a80-4227-b912-0f71a1b85671,StaticVarCompensator,_829ee6bd-014d-433c-9049-16979df6cec1,1044907,T1,_26c5c561-b118-45e9-ae6d-5cad378c36b9,Terminal
_4c34ff6e-e243-41be-91b4-3de5ea4e39f8,1045160,UN-CE1,_7223d3be-1e8d-463b-8425-cfb0590fde85,StaticVarCompensator,_0d4b9ffd-4e3c-437f-80fe-50632ba7032e,1045082,T1,_31781d5e-ec2a-4964-aff8-a702f7476661,Terminal
_521541ca-72cd-48f7-9776-a428078c1da3,1045162,UN-CE2,_7223d3be-1e8d-463b-8425-cfb0590fde85,StaticVarCompensator,_bcf8909c-68be-4444-8098-353344ec0a3b,1045084,T1,_831c51a9-cfaf-4fcc-854b-e6fbebd36023,Terminal
_55670686-5519-4abf-b22e-3ad83544e3c2,1051841,UN-CEV,_e88e1fcc-5cba-4251-b9d0-be17ee2f9260,StaticVarCompensator,_69965885-617a-4997-b2cc-0c3958d6289e,1051736,T1,_0cfb8aa7-a2b2-4837-b7a4-e191cc202ed0,Terminal
_1e2e0bfc-89f4-4e4a-b3d0-406c63327877,1085562,UN-CEV,_f35b5eec-458e-450a-8f29-3848662e37ea,StaticVarCompensator,_09a90cc5-5c61-420f-bf9a-a03f78300044,1085267,T1,_3ee54ae3-f9e2-4c6c-bdab-3cbd2bf967b6,Terminal
_8307b7c0-05e2-4ee2-adc9-3eea4ae373ea,1192078,UN-CEV,_2f49227a-5a2c-4e68-80e9-11a4ce5be0db,StaticVarCompensator,_3a1753fc-2bf4-461a-a482-11d71d496cf4,1191698,T1,_862aa7dc-cbc4-414c-b6b8-248f74d5ff16,Terminal
_7b4e2c12-4987-4911-84db-4a6b613c54a0,1208762,UN-CEV,_21b7ab53-f5f3-451e-bc06-82636e3f5e65,StaticVarCompensator,_e7e3fc96-fd6f-4727-903b-d4215df2a5b8,1208557,T1,_ebd8b58d-07a5-4845-ae3b-dcd0cdbc56f7,Terminal
_442ca40c-2e94-4670-b918-8eaf958c0ab9,1215465,UN-CEV,_0de99a3a-db40-4e9f-9855-c22c200a39f4,StaticVarCompensator,_9b1e3f5c-3aa9-4fd6-818b-b58d13411962,1215393,T1,_bef7d336-87a2-4a6a-84fe-377c3681c29e,Terminal
_8edcb68f-e697-4553-b2f1-e7d68631a13b,1226251,UN-CEV,_071c3cef-43d5-4362-afdd-7fbbed0b6781,StaticVarCompensator,_c85f8b2e-d1c1-43ea-a60b-45d4d2410b5a,1225990,T1,_3760db21-81ad-40fc-acd2-4cf5b503e6b1,Terminal
_f2eb48e3-d30c-40c6-a0f2-a4d90fa65e0c,1442338,UN-CEV,_6ef82f88-b5d5-4852-9fa0-7b76bebca677,StaticVarCompensator,_946e4d53-7b03-489e-b961-491995c58534,1442280,T1,_2b1c8ba4-ad34-4ed3-b295-b21e50c8b696,Terminal
_70c2e826-8438-412e-ac1c-2dcb7d4b1ddb,1449189,CE-01,_2f3aaa76-bf6e-477e-a2ac-b583997b2692,StaticVarCompensator,_0af9ee7b-291f-412e-839b-0bed2dac0ee0,1448955,T1,_870604e9-9f8a-4148-8e63-5c19d105306b,Terminal
_7d5e21f8-3f7e-4f2a-b0ec-6e503d14b4ea,1474134,CEV01,_48b83084-2487-4fef-922a-718875fc72b2,StaticVarCompensator,_0c76eb19-c141-41e2-b3ae-10c6a0759ff7,1473784,T1,_942996a6-d571-42c5-a3ae-fb23d50b7a98,Terminal
_5b258156-c09d-4d94-a8b9-f6a9b9e73d4c,1504678,CEV01,_8633e4af-2694-45b8-9998-70539360fece,StaticVarCompensator,_91c3b843-9289-4379-af3f-246ea6468fe7,1504474,T1,_61bfc1c7-5dfd-412b-abcd-eb0a796bd794,Terminal
_ff428e57-d88d-4c49-98aa-868fbd9bf5b9,1538207,UN-CEV,_e7536f87-705c-4114-8bc0-f118ebc3a030,StaticVarCompensator,_798acf79-d607-4019-afc6-372f1e5bda03,1538021,T1,_fae8654a-f627-4be1-be5f-189a06b7f455,Terminal
_65ecad9b-4f4a-4807-b0c3-1029f758f4ba,1578062,UN-CEV,_db24c861-ca31-48a7-b1d1-1a7bae1fd8ef,StaticVarCompensator,_440c2821-1dfa-4546-b92f-4faa997f5786,1577666,T1,_ce789e5a-2499-457a-b470-2607cae8afb3,Terminal
_5be7ce51-6610-4650-ad3e-ea00f9cb35cd,1581215,UN-CEV,_e165b43b-faff-4639-a352-faa39d881bb0,StaticVarCompensator,_a693072e-fec3-452c-bf1b-578d482b3b55,1580879,T1,_7cca894a-bee5-4e51-a396-7422494303b8,Terminal
_26fef5d7-0b80-4a71-9168-234b90b74a08,1721726,UN-CEV,_cbad7a8b-ee73-4150-9442-3150a528f8a0,StaticVarCompensator,_6ad66e32-b771-4cc7-a8ca-5b49c80db130,1721565,T1,_4849897b-e2b4-4bb6-bb84-74b2e698e993,Terminal
_b88a8ab7-2098-4864-8106-fd7ca823d710,16275593,CE 01,_c0e049f6-24a9-4730-a876-344543bf0bf0,StaticVarCompensator,_5873b8c6-d6ee-49df-a3eb-aee6a63acc77,16275421,T1,_d00ffd11-a245-4a09-9929-98d2d5ec1b69,Terminal
_6465683A-053C-4639-AB51-EB0C80580B7D,51773542,UN-CE1,_EED3420D-20F3-4873-AF7D-BA01E6ADA3CB,StaticVarCompensator,,,,,
